Average,# of rows
40.744622760660484,30 rows
44.28430803685348,30 rows
